Account Type,Institution,Account Name,Balance,Change (1M),Change (3M),Asset Class,Allocation %
Investment,Fidelity,401k Account,₹10410731.50,+₹434477.61,+₹1033369.09,Mixed,35.2%
Investment,Vanguard,Roth IRA,₹3790630.75,+₹174586.35,+₹471348.70,Stocks,12.8%
Cash,Chase Bank,Checking Account,₹701412.25,+₹102468.48,+₹213134.87,Cash,2.4%
Cash,Ally Bank,Savings Account,₹2124800.00,+₹37912.74,+₹102468.48,Cash,7.2%
Investment,E*TRADE,Brokerage Account,₹5634897.39,+₹286912.74,+₹738802.09,Mixed,19.1%
Investment,Schwab,IRA Rollover,₹2868517.35,+₹139348.70,+₹379070.96,Conservative,9.7%
Real Estate,Property,Primary Residence,₹37350000.00,+₹194690.61,+₹1301348.70,Real Estate,12.6%
Cash,Capital One,High Yield Savings,₹1300630.75,+₹10246.35,+₹47134.87,Cash,0.4%
Investment,Betterment,Robo Advisor,₹1946399.80,+₹102468.48,+₹286912.74,Mixed,6.6%
